SET SQL_MODE = "NO_AUTO_VALUE_ON_ZERO";

/*!40101 SET @OLD_CHARACTER_SET_CLIENT=@@CHARACTER_SET_CLIENT */;
/*!40101 SET @OLD_CHARACTER_SET_RESULTS=@@CHARACTER_SET_RESULTS */;
/*!40101 SET @OLD_COLLATION_CONNECTION=@@COLLATION_CONNECTION */;
/*!40101 SET NAMES utf8 */;

TRUNCATE TABLE `t_fid`;
INSERT INTO `t_fid` (`fid`, `name`) VALUES
('-9999', '重新登录'),
('-9997', '首页'),
('-9996', '修改我的密码'),
('-9995', '帮助'),
('-9994', '关于'),
('-9993', '购买商业服务'),
('-8999', '用户管理'),
('-8999-01', '组织机构在业务单据中的使用权限'),
('-8999-02', '业务员在业务单据中的使用权限'),
('-8997', '业务日志'),
('-8996', '权限管理'),
('1001', '商品'),
('1001-01', '商品在业务单据中的使用权限'),
('1001-02', '商品分类'),
('1002', '商品计量单位'),
('1003', '仓库'),
('1003-01', '仓库在业务单据中的使用权限'),
('1004', '供应商档案'),
('1004-01', '供应商档案在业务单据中的使用权限'),
('1004-02', '供应商分类'),
('1007', '客户资料'),
('1007-01', '客户资料在业务单据中的使用权限'),
('1007-02', '客户分类'),
('2000', '库存建账'),
('2001', '采购入库'),
('2001-01', '采购入库 - 新建采购入库单'),
('2001-02', '采购入库 - 编辑采购入库单'),
('2001-03', '采购入库 - 删除采购入库单'),
('2001-04', '采购入库 - 提交采购入库单'),
('2002', '销售出库'),
('2002-01', '销售出库'),
('2002-02', '销售出库 - 新建销售出库单'),
('2002-03', '销售出库 - 编辑销售出库'),
('2002-04', '销售出库 - 删除销售出库单'),
('2002-05', '销售出库 - 提交销售出库单'),
('2002-06', '销售出库 - 生成PDF文件'),
('2003', '库存账查询'),
('2004', '应收账款管理'),
('2005', '应付账款管理'),
('2006', '销售退货入库'),
('2007', '采购退货出库'),
('2008', '业务设置'),
('2009', '库间调拨'),
('2010', '库存盘点'),
('2011-01', '首页-销售看板'),
('2011-02', '首页-库存看板'),
('2011-03', '首页-采购看板'),
('2011-04', '首页-资金看板'),
('2024', '现金收支查询'),
('2025', '预收款管理'),
('2026', '预付款管理'),
('2027', '采购订单'),
('2027-01', '采购订单 - 审核/取消审核'),
('2027-02', '采购订单 - 生成采购入库单'),
('2028', '销售订单'),
('2028-01', '销售订单 - 审核/取消审核'),
('2028-02', '销售订单 - 生成销售出库单'),
('2029', '商品品牌'),
('2030', '人员职务'),
('2031', '运单管理'),
('2031-01', '运单管理 - 寄件'),
('2031-02', '运单管理 - 运单变更'),
('2032', '淘宝店宝贝管理'),
('2033', '淘宝店铺管理'),
('2034', '价格体系'),
('2035', '销售收入方式'),
('2036', '快递公司'),
('2037', '售后服务'),
('2038', '店铺管理'),
('2039', '收银系统'),
('2040', '条码库'),
('2041', '销售订单跟踪表'),
('2042', '报损报溢');

TRUNCATE TABLE `t_permission`;
INSERT INTO `t_permission` (`id`, `fid`, `name`, `note`, `category`, `py`) VALUES
('-8996', '-8996', '权限管理', '通过菜单进入权限管理模块的权限', '权限管理', 'QXGL'),
('-8996-01', '-8996-01', '权限管理-新增角色', '权限管理模块[新增角色]按钮的权限', '权限管理', 'QXGL_XZJS'),
('-8996-02', '-8996-02', '权限管理-编辑角色', '权限管理模块[编辑角色]按钮的权限', '权限管理', 'QXGL_BJJS'),
('-8996-03', '-8996-03', '权限管理-删除角色', '权限管理模块[删除角色]按钮的权限', '权限管理', 'QXGL_SCJS'),
('-8997', '-8997', '业务日志', '业务日志', '系统管理', 'YWRZ'),
('-8999', '-8999', '用户管理', '通过菜单进入用户管理模块的权限', '用户管理', 'YHGL'),
('-8999-01', '-8999-01', '组织机构在业务单据中的使用权限', '组织机构在业务单据中的使用权限', '用户管理', 'ZZJGZYWDJZDSYQX'),
('-8999-02', '-8999-02', '业务员在业务单据中的使用权限', '业务员在业务单据中的使用权限', '用户管理', 'YWYZYWDJZDSYQX'),
('-8999-03', '-8999-03', '用户管理-新增组织机构', '用户管理模块[新增组织机构]按钮的权限', '用户管理', 'YHGL_XZZZJG'),
('-8999-04', '-8999-04', '用户管理-编辑组织机构', '用户管理模块[编辑组织机构]按钮的权限', '用户管理', 'YHGL_BJZZJG'),
('-8999-05', '-8999-05', '用户管理-删除组织机构', '用户管理模块[删除组织机构]按钮的权限', '用户管理', 'YHGL_SCZZJG'),
('-8999-06', '-8999-06', '用户管理-新增用户', '用户管理模块[新增用户]按钮的权限', '用户管理', 'YHGL_XZYH'),
('-8999-07', '-8999-07', '用户管理-编辑用户', '用户管理模块[编辑用户]按钮的权限', '用户管理', 'YHGL_BJYH'),
('-8999-08', '-8999-08', '用户管理-删除用户', '用户管理模块[删除用户]按钮的权限', '用户管理', 'YHGL_SCYH'),
('-8999-09', '-8999-09', '用户管理-修改用户密码', '用户管理模块[修改用户密码]按钮的权限', '用户管理', 'YHGL_XGYHMM'),
('1001', '1001', '商品', '通过菜单进入基础数据商品模块的权限', '商品', 'SP'),
('1001-01', '1001-01', '商品在业务单据中的使用权限', '商品在业务单据中的使用权限', '商品', 'SPZYWDJZDSYQX'),
('1001-02', '1001-02', '商品分类', '商品分类', '商品', 'SPFL'),
('1001-03', '1001-03', '新增商品分类', '基础数据商品模块[新增商品分类]按钮的权限', '商品', 'XZSPFL'),
('1001-04', '1001-04', '编辑商品分类', '基础数据商品模块[编辑商品分类]按钮的权限', '商品', 'BJSPFL'),
('1001-05', '1001-05', '删除商品分类', '基础数据商品模块[删除商品分类]按钮的权限', '商品', 'SCSPFL'),
('1001-06', '1001-06', '新增商品', '基础数据商品模块[新增商品]按钮的权限', '商品', 'XZSP'),
('1001-07', '1001-07', '编辑商品', '基础数据商品模块[编辑商品]按钮的权限', '商品', 'BJSP'),
('1001-08', '1001-08', '删除商品', '基础数据商品模块[删除商品]按钮的权限', '商品', 'SCSP'),
('1001-09', '1001-09', '导入商品', '基础数据商品模块[导入商品]按钮的权限', '商品', 'DRSP'),
('1001-10', '1001-10', '设置商品安全库存', '基础数据商品模块[设置商品安全库存]按钮的权限', '商品', 'SZSPAQKC'),
('1002', '1002', '商品计量单位', '商品计量单位', '商品', 'SPJLDW'),
('1003', '1003', '仓库', '通过菜单进入基础数据仓库模块的权限', '仓库', 'CK'),
('1003-01', '1003-01', '仓库在业务单据中的使用权限', '仓库在业务单据中的使用权限', '仓库', 'CKZYWDJZDSYQX'),
('1003-02', '1003-02', '新增仓库', '基础数据仓库模块[新增仓库]按钮的权限', '仓库', 'XZCK'),
('1003-03', '1003-03', '编辑仓库', '基础数据仓库模块[编辑仓库]按钮的权限', '仓库', 'BJCK'),
('1003-04', '1003-04', '删除仓库', '基础数据仓库模块[删除仓库]按钮的权限', '仓库', 'SCCK'),
('1003-05', '1003-05', '修改仓库数据域', '基础数据仓库模块[修改仓库数据域]按钮的权限', '仓库', 'XGCKSJY'),
('1004', '1004', '供应商档案', '通过菜单进入基础数据供应商档案模块的权限', '供应商管理', 'GYSDA'),
('1004-01', '1004-01', '供应商档案在业务单据中的使用权限', '供应商档案在业务单据中的使用权限', '供应商管理', 'GYSDAZYWDJZDSYQX'),
('1004-02', '1004-02', '供应商分类', '供应商分类', '供应商管理', 'GYSFL'),
('1004-03', '1004-03', '新增供应商分类', '基础数据供应商档案模块[新增供应商分类]按钮的权限', '供应商管理', 'XZGYSFL'),
('1004-04', '1004-04', '编辑供应商分类', '基础数据供应商档案模块[编辑供应商分类]按钮的权限', '供应商管理', 'BJGYSFL'),
('1004-05', '1004-05', '删除供应商分类', '基础数据供应商档案模块[删除供应商分类]按钮的权限', '供应商管理', 'SCGYSFL'),
('1004-06', '1004-06', '新增供应商', '基础数据供应商档案模块[新增供应商]按钮的权限', '供应商管理', 'XZGYS'),
('1004-07', '1004-07', '编辑供应商', '基础数据供应商档案模块[编辑供应商]按钮的权限', '供应商管理', 'BJGYS'),
('1004-08', '1004-08', '删除供应商', '基础数据供应商档案模块[删除供应商]按钮的权限', '供应商管理', 'SCGYS'),
('1007', '1007', '客户资料', '通过菜单进入客户资料模块的权限', '客户管理', 'KHZL'),
('1007-01', '1007-01', '客户资料在业务单据中的使用权限', '客户资料在业务单据中的使用权限', '客户管理', 'KHZLZYWDJZDSYQX'),
('1007-02', '1007-02', '客户分类', '客户分类', '客户管理', 'KHFL'),
('1007-03', '1007-03', '新增客户分类', '客户资料模块[新增客户分类]按钮的权限', '客户管理', 'XZKHFL'),
('1007-04', '1007-04', '编辑客户分类', '客户资料模块[编辑客户分类]按钮的权限', '客户管理', 'BJKHFL'),
('1007-05', '1007-05', '删除客户分类', '客户资料模块[删除客户分类]按钮的权限', '客户管理', 'SCKHFL'),
('1007-06', '1007-06', '新增客户', '客户资料模块[新增客户]按钮的权限', '客户管理', 'XZKH'),
('1007-07', '1007-07', '编辑客户', '客户资料模块[编辑客户]按钮的权限', '客户管理', 'BJKH'),
('1007-08', '1007-08', '删除客户', '客户资料模块[删除客户]按钮的权限', '客户管理', 'SCKH'),
('1007-09', '1007-09', '导入客户', '客户资料模块[导入客户]按钮的权限', '客户管理', 'DRKH'),
('2000', '2000', '库存建账', '库存建账', '库存建账', 'KCJZ'),
('2001', '2001', '采购入库', '采购入库', '采购入库', 'CGRK'),
('2001-01', '2001-01', '采购入库 - 新建采购入库单', '采购入库[新建采购入库单]按钮的权限', '采购入库', 'CGRK'),
('2001-02', '2001-02', '采购入库 - 编辑采购入库单', '采购入库[编辑采购入库单]按钮的权限', '采购入库', 'CGRK'),
('2001-03', '2001-03', '采购入库 - 删除采购入库单', '采购入库[删除采购入库单]按钮的权限', '采购入库', 'CGRK'),
('2001-04', '2001-04', '采购入库 - 提交采购入库单', '采购入库[提交采购入库单]按钮的权限', '采购入库', 'CGRK'),
('2002', '2002', '销售出库', '销售出库', '销售出库', 'XSCK'),
('2002-01', '2002-01', '销售出库单允许编辑销售单价', '销售出库单允许编辑销售单价', '销售出库', 'XSCKDYXBJXSDJ'),
('2002-02', '2002-02', '销售出库 - 新建销售出库单', '销售出库[新建销售出库单]按钮的权限', '销售出库', 'XSCK'),
('2002-03', '2002-03', '销售出库 - 编辑销售出库单', '销售出库[编辑销售出库单]按钮的权限', '销售出库', 'XSCK'),
('2002-04', '2002-04', '销售出库 - 删除销售出库单', '销售出库[删除销售出库单]按钮的权限', '销售出库', 'XSCK'),
('2002-05', '2002-05', '销售出库 - 提交销售出库单', '销售出库[提交销售出库单]按钮的权限', '销售出库', 'XSCK'),
('2002-06', '2002-06', '销售出库 - 生成PDF', '销售出库[生成PDF]按钮的权限', '销售出库', 'XSCK'),
('2003', '2003', '库存账查询', '库存账查询', '库存账查询', 'KCZCX'),
('2004', '2004', '应收账款管理', '应收账款管理', '应收账款管理', 'YSZKGL'),
('2005', '2005', '应付账款管理', '应付账款管理', '应付账款管理', 'YFZKGL'),
('2006', '2006', '销售退货入库', '销售退货入库', '销售退货入库', 'XSTHRK'),
('2007', '2007', '采购退货出库', '采购退货出库', '采购退货出库', 'CGTHCK'),
('2008', '2008', '业务设置', '业务设置', '系统管理', 'YWSZ'),
('2009', '2009', '库间调拨', '库间调拨', '库间调拨', 'KJDB'),
('2010', '2010', '库存盘点', '库存盘点', '库存盘点', 'KCPD'),
('2011-01', '2011-01', '首页-销售看板', '首页-销售看板', '首页看板', 'SY_XSKB'),
('2011-02', '2011-02', '首页-库存看板', '首页-库存看板', '首页看板', 'SY_KCKB'),
('2011-03', '2011-03', '首页-采购看板', '首页-采购看板', '首页看板', 'SY_CGKB'),
('2011-04', '2011-04', '首页-资金看板', '首页-资金看板', '首页看板', 'SY_ZJKB'),
('2024', '2024', '现金收支查询', '现金收支查询', '现金管理', 'XJSZCX'),
('2025', '2025', '预收款管理', '预收款管理', '预收款管理', 'YSKGL'),
('2026', '2026', '预付款管理', '预付款管理', '预付款管理', 'YFKGL'),
('2027', '2027', '采购订单', '采购订单', '采购订单', 'CGDD'),
('2027-01', '2027-01', '采购订单 - 审核/取消审核', '采购订单 - 审核/取消审核', '采购订单', 'CGDD _ SH_QXSH'),
('2027-02', '2027-02', '采购订单 - 生成采购入库单', '采购订单 - 生成采购入库单', '采购订单', 'CGDD _ SCCGRKD'),
('2028', '2028', '销售订单', '销售订单', '销售订单', 'XSDD'),
('2028-01', '2028-01', '销售订单 - 审核/取消审核', '销售订单 - 审核/取消审核', '销售订单', 'XSDD _ SH_QXSH'),
('2028-02', '2028-02', '销售订单 - 生成销售出库单', '销售订单 - 生成销售出库单', '销售订单', 'XSDD _ SCXSCKD'),
('2029', '2029', '商品品牌', '通过菜单进入基础数据商品品牌模块的权限', '商品', 'SPPP'),
('2030', '2030', '人员职务', '通过菜单进入基础数据人员职务模块的权限', '人事管理', 'RYZW'),
('2031', '2031', '运单管理', '通过菜单进入运单管理模块的权限', '运单管理', 'YDGL'),
('2031-01', '2031-01', '运单管理 - 寄件', '运单管理模块中【寄件】按钮的操作权限', '运单管理', 'YDGL _ JJ'),
('2031-02', '2031-02', '运单管理 - 运单变更', '运单管理模块中【运单变更】的操作权限', '运单管理', 'YDGL _ YDBG'),
('2032', '2032', '淘宝店宝贝管理', '通过菜单进入淘宝店宝贝管理模块的权限', '淘宝店宝贝管理', 'TBDBBGL'),
('2033', '2033', '淘宝店铺管理', '通过菜单进入淘宝店铺管理模块的权限', '淘宝店宝贝管理', 'TBDPGL'),
('2034', '2034', '价格体系', '通过菜单进入价格体系模块的权限', '商品', 'JGTX'),
('2035', '2035', '销售收入方式', '通过菜单进入销售收入方式模块的权限', '销售订单', 'XSSRFS'),
('2036', '2036', '快递公司', '通过菜单进入快递公司模块的权限', '销售订单', 'KDGS'),
('2037', '2037', '售后服务', '通过菜单进入售后服务模块的权限', '售后', 'SHFW'),
('2038', '2038', '店铺管理', '通过菜单进入店铺管理模块的权限', '店铺管理', 'DPGL'),
('2039', '2039', '收银系统', '通过菜单进入收银系统模块的权限', '收银系统', 'SYXT'),
('2040', '2040', '条码库', '通过菜单进入条码库模块的权限', '条码库', 'TMK'),
('2041', '2041', '销售订单跟踪表', '通过菜单进入销售订单跟踪表模块的权限', '销售报表', 'XSDDGZB'),
('2042', '2042', '报损报溢', '通过菜单进入报损报溢模块的权限', '报损报溢', 'BSBY');

TRUNCATE TABLE `t_role_permission`;
INSERT INTO `t_role_permission` (`role_id`, `permission_id`) VALUES
('A83F617E-A153-11E4-A9B8-782BCBD7746B', '-8999'),
('A83F617E-A153-11E4-A9B8-782BCBD7746B', '-8997'),
('A83F617E-A153-11E4-A9B8-782BCBD7746B', '-8996'),
('A83F617E-A153-11E4-A9B8-782BCBD7746B', '1001'),
('A83F617E-A153-11E4-A9B8-782BCBD7746B', '1002'),
('A83F617E-A153-11E4-A9B8-782BCBD7746B', '1003'),
('A83F617E-A153-11E4-A9B8-782BCBD7746B', '1004'),
('A83F617E-A153-11E4-A9B8-782BCBD7746B', '1007'),
('A83F617E-A153-11E4-A9B8-782BCBD7746B', '2000'),
('A83F617E-A153-11E4-A9B8-782BCBD7746B', '2001'),
('A83F617E-A153-11E4-A9B8-782BCBD7746B', '2002'),
('A83F617E-A153-11E4-A9B8-782BCBD7746B', '2002-01'),
('A83F617E-A153-11E4-A9B8-782BCBD7746B', '2003'),
('A83F617E-A153-11E4-A9B8-782BCBD7746B', '2004'),
('A83F617E-A153-11E4-A9B8-782BCBD7746B', '2005'),
('A83F617E-A153-11E4-A9B8-782BCBD7746B', '2006'),
('A83F617E-A153-11E4-A9B8-782BCBD7746B', '2007'),
('A83F617E-A153-11E4-A9B8-782BCBD7746B', '2008'),
('A83F617E-A153-11E4-A9B8-782BCBD7746B', '2009'),
('A83F617E-A153-11E4-A9B8-782BCBD7746B', '2010'),
('A83F617E-A153-11E4-A9B8-782BCBD7746B', '2011-01'),
('A83F617E-A153-11E4-A9B8-782BCBD7746B', '2011-02'),
('A83F617E-A153-11E4-A9B8-782BCBD7746B', '2011-03'),
('A83F617E-A153-11E4-A9B8-782BCBD7746B', '2011-04'),
('A83F617E-A153-11E4-A9B8-782BCBD7746B', '2024'),
('A83F617E-A153-11E4-A9B8-782BCBD7746B', '2025'),
('A83F617E-A153-11E4-A9B8-782BCBD7746B', '2026'),
('A83F617E-A153-11E4-A9B8-782BCBD7746B', '2027'),
('A83F617E-A153-11E4-A9B8-782BCBD7746B', '2027-01'),
('A83F617E-A153-11E4-A9B8-782BCBD7746B', '2027-02'),
('A83F617E-A153-11E4-A9B8-782BCBD7746B', '2028'),
('A83F617E-A153-11E4-A9B8-782BCBD7746B', '2029'),
('A83F617E-A153-11E4-A9B8-782BCBD7746B', '2030'),
('A83F617E-A153-11E4-A9B8-782BCBD7746B', '2031'),
('A83F617E-A153-11E4-A9B8-782BCBD7746B', '2031-01'),
('A83F617E-A153-11E4-A9B8-782BCBD7746B', '2031-02'),
('A83F617E-A153-11E4-A9B8-782BCBD7746B', '2032'),
('A83F617E-A153-11E4-A9B8-782BCBD7746B', '2033'),
('A83F617E-A153-11E4-A9B8-782BCBD7746B', '2034'),
('A83F617E-A153-11E4-A9B8-782BCBD7746B', '2035'),
('A83F617E-A153-11E4-A9B8-782BCBD7746B', '2036'),
('A83F617E-A153-11E4-A9B8-782BCBD7746B', '2037'),
('A83F617E-A153-11E4-A9B8-782BCBD7746B', '2038'),
('A83F617E-A153-11E4-A9B8-782BCBD7746B', '2039'),
('A83F617E-A153-11E4-A9B8-782BCBD7746B', '2040'),
('A83F617E-A153-11E4-A9B8-782BCBD7746B', '2041'),
('A83F617E-A153-11E4-A9B8-782BCBD7746B', '2042');

/*!40101 SET CHARACTER_SET_CLIENT=@OLD_CHARACTER_SET_CLIENT */;
/*!40101 SET CHARACTER_SET_RESULTS=@OLD_CHARACTER_SET_RESULTS */;
/*!40101 SET COLLATION_CONNECTION=@OLD_COLLATION_CONNECTION */;
